Header Keywords,to int,to float,to bool,kws in dict,predefined val,regex
FRAMEIND,VBIN,EXPTIME,COOLER,TRIGGER,TEMPST,DATE-OBS
CCDTEMP,HBIN,,FRAMETRF,ACQMODE,CCDSERN,UTTIME
TEMPST,FINALCOL,,,SHUTTER,,UTDATE
CCDSERN,FINALLIN,,,VCLKAMP,,
PREAMP,INITCOL,,,PREAMP,,
READRATE,INITLIN,,,VSHIFT,,
VSHIFT,FRAMEIND,,,EMMODE,,
VCLKAMP,EMGAIN,,,,,
ACQMODE,NFRAMES,,,,,
SHUTTER,CCDTEMP,,,,,
TRIGGER,TGTEMP,,,,,
VBIN,,,,,,
INITLIN,,,,,,
INITCOL,,,,,,
FINALLIN,,,,,,
FINALCOL,,,,,,
HBIN,,,,,,
EXPTIME,,,,,,
NFRAMES,,,,,,
TGTEMP,,,,,,
COOLER,,,,,,
DATE-OBS,,,,,,
UTTIME,,,,,,
UTDATE,,,,,,
EMGAIN,,,,,,
FRAMETRF,,,,,,
EMMODE,,,,,,
