Header Keywords,to int,to float,to bool,kws in dict,write predefined val,regex strings,regex condition
FRAMEIND,VBIN,EXPTIME,COOLER,TRIGGER,TEMPST,DATE-OBS,\d{4}-\d{2}-\d{2}T\d{2}:\d{2}:\d{2}\.\d{6};YYYY-MM-DDTHH:MM:SS.ssssss
CCDTEMP,HBIN,,FRAMETRF,ACQMODE,,UTTIME,\d{2}:\d{2}:\d{2}\.\d{6};HH:MM:SS.ssssss
TEMPST,FINALCOL,,,SHUTTER,,UTDATE,\d{4}-\d{2}-\d{2};YYYY-MM-DD
CCDSERN,FINALLIN,,,VCLKAMP,,,
PREAMP,INITCOL,,,PREAMP,,,
READRATE,INITLIN,,,VSHIFT,,,
VSHIFT,FRAMEIND,,,EMMODE,,,
VCLKAMP,CCDSERN,,,,,,
ACQMODE,NFRAMES,,,,,,
SHUTTER,CCDTEMP,,,,,,
TRIGGER,TGTEMP,,,,,,
VBIN,EMGAIN,,,,,,
INITLIN,,,,,,,
INITCOL,,,,,,,
FINALLIN,,,,,,,
FINALCOL,,,,,,,
HBIN,,,,,,,
EXPTIME,,,,,,,
NFRAMES,,,,,,,
TGTEMP,,,,,,,
COOLER,,,,,,,
DATE-OBS,,,,,,,
UTTIME,,,,,,,
UTDATE,,,,,,,
EMGAIN,,,,,,,
FRAMETRF,,,,,,,
EMMODE,,,,,,,
